servering..i.kg.,antal.ätande.på.plats,kategori,tallrikssvinn.gäst.dag,enhet,tallrik..i.kg.,serveringssvinn.gäst.dag,kökssvinn.gäst.dag,dagar,antal.port.inkl..utskick,kök..i.kg.,date,code,Namn,Typ,Beskrivning,Adress,Webbsida,lon,lat
,643,grundskola,39.26,Blombacka,404,Null,Null,16,1152,,2019-01-01T12:00:00Z,Blom,Blombackaskolan,Kommunal,F-9,Källgatan 8 <BR> 151 60 Södertälje<BR>,https://www.sodertalje.se/Blombackaskolan,17.610175386429578,59.193009209745874
,386,grundskola,Null,Braxen,,Null,Null,,386,,2019-01-01T12:00:00Z,Brax,Null,Null,Null,Null,Null,Null,Null
,899,grundskola,Null,Brunnsäng,,Null,Null,,899,,2019-01-01T12:00:00Z,Brun,Brunnsängskolan,Kommunal,F-9,Häradsvägen 8 <BR> 152 48 Södertälje<BR>,https://www.sodertalje.se/Brunnsangskolan,17.63710477830217,59.21250350241082
,581,grundskola,19,Ene,210,Null,22,19,581,240,2019-01-01T12:00:00Z,Ene,Eneskolan,Kommunal,F-9,Mölnbovägen 25 <BR> 153 32 Järna<BR>,https://www.sodertalje.se/eneskolan,17.55750283469028,59.08379372434768
,338,grundskola,14,Fornbacka,72,Null,Null,15,338,,2019-01-01T12:00:00Z,Forn,Fornbackaskolan,Kommunal,"F-6, Sär",Fornhöjdsvägen 4 <BR> 152 58 Södertälje<BR>,https://www.sodertalje.se/Fornbackaskolan,17.6645602041309,59.19295953577887
,564,grundskola,38,Hovsjö,342,Null,23,16,564,204,2019-01-01T12:00:00Z,Hovs,Hovsjöskolan,Kommunal,F-9,Penselvägen 1 <BR> 151 65 Södertälje,https://www.sodertalje.se/Hovsjoskolan,17.598898753777032,59.17571289589243
,477,grundskola,4,Hölö,35,Null,4,19,477,35,2019-01-01T12:00:00Z,Hölö,Hölöskolan,Kommunal,F-9,Eriksbergsvägen 9 <BR> 153 71 Hölö<BR>,https://www.sodertalje.se/Holoskolan,17.54494648967159,59.023013557675405
,697,grundskola,16,Igelstaviken,206,Null,Null,19,697,,2019-01-01T12:00:00Z,Igel,Igelsta grundskola,Kommunal,F-9,Korpuddsvägen 9-11 <BR>152 57 Södertälje <BR>,https://www.sodertalje.se/Igelstagrundskola,17.660093767283833,59.18326977968149
30,391,grundskola,16,Lina,119,4,15,19,391,110,2019-01-01T12:00:00Z,Lina,Lina grundskola,Kommunal,F-9,Vatt Annas väg 5-7 <BR> 151 55 Södertälje<BR>,https://www.sodertalje.se/Linagrundskola,17.588236735281328,59.2107546239738
,222,grundskola,31,Majtorp,118,Null,30,17,222,115,2019-01-01T12:00:00Z,Majt,Rosenborgsenheten (Majtorpskolan),Kommunal,F-3,Klätterstigen 4 <BR> 152 70 Södertälje<BR>,https://www.sodertalje.se/Rosenborgsenheten,17.651494782318082,59.193271925020795
9,325,gymnasium,7,Moraberg,32,2,1,15,325,7,2019-01-01T12:00:00Z,Mora,Mora Park Hölö,Fristående,Hos oss går barnen från förskoleålder (3 år) upp till årskurs 9. Waldorf- och läkepedagogik vävs samman i undervisningen.,Kristoffergården <BR>153 92 Hölö,http://www.morapark.se/sarskola-forskola,17.598694418220525,59.00505296735322
9,325,gymnasium,7,Moraberg,32,2,1,15,325,7,2019-01-01T12:00:00Z,Mora,Mora Park Järna,Fristående,Hos oss går barnen från förskoleålder (3 år) upp till årskurs 9. Waldorf- och läkepedagogik vävs samman i undervisningen.,Mora 8 <BR>153 95 Järna,http://www.morapark.se/sarskola-forskola,17.546649554275444,59.08395671580015
,145,grundskola,83,Mölnbo,230,Null,46,19,231,200,2019-01-01T12:00:00Z,Möln,Mölnboskolan,Kommunal,F-6,Skolvägen 13 <BR> 153 60 Mölnbo<BR>,https://www.sodertalje.se/Molnboskolan,17.4240737784609,59.0526617272965
,334,grundskola,Null,Oxbacken,,Null,Null,,334,,2019-01-01T12:00:00Z,Oxba,Oxbacksskolan 5-9,Kommunal,5-9,Mariekällgatan 3 <BR> 151 44 Södertälje<BR>,https://www.sodertalje.se/Oxbacksskolan,17.625645909275317,59.18884545332261
,334,grundskola,Null,Oxbacken,,Null,Null,,334,,2019-01-01T12:00:00Z,Oxba,Oxbacksskolan F-4,Kommunal,F-4,Bellevugatan 6-8 <BR> 151 73 Södertälje<BR>,https://www.sodertalje.se/Oxbacksskolan,17.62410663664879,59.19567503874605
,531,grundskola,15,Pershagen,125,Null,11,16,531,90,2019-01-01T12:00:00Z,Pers,Pershagenskolan,Kommunal,F-9,Bränningestrandsvägen 4 <BR> 151 39 Södertälje<BR>,https://www.pershagenskolan.se/,17.652221471021317,59.15264290899835
,639,gymnasium,24,Rektorsvägen,262,Null,24,17,639,260,2019-01-01T12:00:00Z,Rekt,Null,Null,Null,Null,Null,Null,Null
,757,grundskola,28,Ronna,333,Null,8,16,1179,160,2019-01-01T12:00:00Z,Ronn,Ronnaskolan,Kommunal,F-9,Robert Anbergsväg 1-3 <BR> 151 51 Södertälje<BR>,https://www.sodertalje.se/Ronnaskolan,17.597530945250995,59.20505199753246
,540,grundskola,27,Rosenborg,247,Null,13,17,1456,322,2019-01-01T12:00:00Z,Rose,Rosenborgsenheten,Kommunal,"F-9, Sär",Erik Dahlbergs väg 9 <BR> 152 40 Södertälje<BR>,https://www.sodertalje.se/Rosenborgsenheten,17.638892847871517,59.19723429606154
,628,grundskola,25,Soldala,286,Null,10,18,628,113,2019-01-01T12:00:00Z,Sold,Soldalaskolan,Kommunal,F-9,Lundbygatan 5 <BR> 151 46 Södertälje<BR>,https://www.sodertalje.se/Soldalaskolan,17.604604905426367,59.18560822004892
,361,grundskola,18,Stålhamra,106,Null,21,16,361,124,2019-01-01T12:00:00Z,Stål,Stålhamraskolan,Kommunal,"F-6, Sär",Skogvaktarvägen 30 <BR> 151 47 Södertälje<BR>,https://www.sodertalje.se/Stalhamraskolan,17.622655865273163,59.177844961210525
,444,grundskola,12,Tavesta,105,Null,19,19,444,160,2019-01-01T12:00:00Z,Tave,Tavestaskolan,Kommunal,F-5,Rönnvägen 7 <BR> 153 36 Järna<BR>,https://www.sodertalje.se/tavestaskolan,17.5607384046489,59.096316380331835
10,305,grundskola,18,Valla,105,2,18,19,371,125,2019-01-01T12:00:00Z,Vall,Vallaskolan,Kommunal,F-6,Sandviksvägen 60 <BR> 151 50 Enhörna<BR>,https://www.sodertalje.se/Vallaskolan,17.48145953130543,59.25503028224599
90,669,grundskola,20,Wasa,250,7,13,19,702,180,2019-01-01T12:00:00Z,Wasa,Wasaskolan,Kommunal,F-9,Prosten Linders väg 2 <BR> 151 61 Södertälje<BR>,https://www.sodertalje.se/Wasaskolan,17.58046263369102,59.19335665834746
,485,gymnasium,28,Västergård,220,Null,7,16,1514,164,2019-01-01T12:00:00Z,Väst,Null,Null,Null,Null,Null,Null,Null
,210,övrigt ,Null,Stadshuset,,Null,Null,,210,,2019-01-01T12:00:00Z,Stad,Null,Null,Null,Null,Null,Null,Null
,643,grundskola,37.9,Blombacka,390,Null,Null,16,1152,,2019-02-01T12:00:00Z,Blom,Blombackaskolan,Kommunal,F-9,Källgatan 8 <BR> 151 60 Södertälje<BR>,https://www.sodertalje.se/Blombackaskolan,17.610175386429578,59.193009209745874
,386,grundskola,Null,Braxen,,Null,Null,,386,,2019-02-01T12:00:00Z,Brax,Null,Null,Null,Null,Null,Null,Null
,899,grundskola,Null,Brunnsäng,,Null,Null,,899,,2019-02-01T12:00:00Z,Brun,Brunnsängskolan,Kommunal,F-9,Häradsvägen 8 <BR> 152 48 Södertälje<BR>,https://www.sodertalje.se/Brunnsangskolan,17.63710477830217,59.21250350241082
,581,grundskola,16.36,Ene,190,Null,17.22,20,581,200,2019-02-01T12:00:00Z,Ene,Eneskolan,Kommunal,F-9,Mölnbovägen 25 <BR> 153 32 Järna<BR>,https://www.sodertalje.se/eneskolan,17.55750283469028,59.08379372434768
,338,grundskola,17.77,Fornbacka,96,Null,Null,16,338,,2019-02-01T12:00:00Z,Forn,Fornbackaskolan,Kommunal,"F-6, Sär",Fornhöjdsvägen 4 <BR> 152 58 Södertälje<BR>,https://www.sodertalje.se/Fornbackaskolan,17.6645602041309,59.19295953577887
,564,grundskola,30.92,Hovsjö,349,Null,17.72,20,564,200,2019-02-01T12:00:00Z,Hovs,Hovsjöskolan,Kommunal,F-9,Penselvägen 1 <BR> 151 65 Södertälje,https://www.sodertalje.se/Hovsjoskolan,17.598898753777032,59.17571289589243
,477,grundskola,4.08,Hölö,39,Null,4.08,20,477,39,2019-02-01T12:00:00Z,Hölö,Hölöskolan,Kommunal,F-9,Eriksbergsvägen 9 <BR> 153 71 Hölö<BR>,https://www.sodertalje.se/Holoskolan,17.54494648967159,59.023013557675405
,697,grundskola,22.18,Igelstaviken,232,Null,Null,15,697,,2019-02-01T12:00:00Z,Igel,Igelsta grundskola,Kommunal,F-9,Korpuddsvägen 9-11 <BR>152 57 Södertälje <BR>,https://www.sodertalje.se/Igelstagrundskola,17.660093767283833,59.18326977968149
15,391,grundskola,18.57,Lina,145,1.920614597,15.36,20,391,120,2019-02-01T12:00:00Z,Lina,Lina grundskola,Kommunal,F-9,Vatt Annas väg 5-7 <BR> 151 55 Södertälje<BR>,https://www.sodertalje.se/Linagrundskola,17.588236735281328,59.2107546239738
,222,grundskola,27,Majtorp,120,Null,28.13,20,222,125,2019-02-01T12:00:00Z,Majt,Rosenborgsenheten (Majtorpskolan),Kommunal,F-3,Klätterstigen 4 <BR> 152 70 Södertälje<BR>,https://www.sodertalje.se/Rosenborgsenheten,17.651494782318082,59.193271925020795
14,325,gymnasium,3.47,Moraberg,18,2.696456086,2.31,16,325,12,2019-02-01T12:00:00Z,Mora,Mora Park Hölö,Fristående,Hos oss går barnen från förskoleålder (3 år) upp till årskurs 9. Waldorf- och läkepedagogik vävs samman i undervisningen.,Kristoffergården <BR>153 92 Hölö,http://www.morapark.se/sarskola-forskola,17.598694418220525,59.00505296735322
14,325,gymnasium,3.47,Moraberg,18,2.696456086,2.31,16,325,12,2019-02-01T12:00:00Z,Mora,Mora Park Järna,Fristående,Hos oss går barnen från förskoleålder (3 år) upp till årskurs 9. Waldorf- och läkepedagogik vävs samman i undervisningen.,Mora 8 <BR>153 95 Järna,http://www.morapark.se/sarskola-forskola,17.546649554275444,59.08395671580015
,145,grundskola,18.94,Mölnbo,55,Null,26.62,20,231,123,2019-02-01T12:00:00Z,Möln,Mölnboskolan,Kommunal,F-6,Skolvägen 13 <BR> 153 60 Mölnbo<BR>,https://www.sodertalje.se/Molnboskolan,17.4240737784609,59.0526617272965
,334,grundskola,Null,Oxbacken,,Null,Null,,334,,2019-02-01T12:00:00Z,Oxba,Oxbacksskolan 5-9,Kommunal,5-9,Mariekällgatan 3 <BR> 151 44 Södertälje<BR>,https://www.sodertalje.se/Oxbacksskolan,17.625645909275317,59.18884545332261
,334,grundskola,Null,Oxbacken,,Null,Null,,334,,2019-02-01T12:00:00Z,Oxba,Oxbacksskolan F-4,Kommunal,F-4,Bellevugatan 6-8 <BR> 151 73 Södertälje<BR>,https://www.sodertalje.se/Oxbacksskolan,17.62410663664879,59.19567503874605
,531,grundskola,15.68,Pershagen,125,Null,10.79,15,531,86,2019-02-01T12:00:00Z,Pers,Pershagenskolan,Kommunal,F-9,Bränningestrandsvägen 4 <BR> 151 39 Södertälje<BR>,https://www.pershagenskolan.se/,17.652221471021317,59.15264290899835
,639,gymnasium,23.47,Rektorsvägen,240,Null,20.54,16,639,210,2019-02-01T12:00:00Z,Rekt,Null,Null,Null,Null,Null,Null,Null
,757,grundskola,28.89,Ronna,328,Null,9.1,15,1179,161,2019-02-01T12:00:00Z,Ronn,Ronnaskolan,Kommunal,F-9,Robert Anbergsväg 1-3 <BR> 151 51 Södertälje<BR>,https://www.sodertalje.se/Ronnaskolan,17.597530945250995,59.20505199753246
,540,grundskola,10.58,Rosenborg,80,Null,5.3,14,1456,108,2019-02-01T12:00:00Z,Rose,Rosenborgsenheten,Kommunal,"F-9, Sär",Erik Dahlbergs väg 9 <BR> 152 40 Södertälje<BR>,https://www.sodertalje.se/Rosenborgsenheten,17.638892847871517,59.19723429606154
,628,grundskola,23.24,Soldala,292,Null,10.75,20,628,135,2019-02-01T12:00:00Z,Sold,Soldalaskolan,Kommunal,F-9,Lundbygatan 5 <BR> 151 46 Södertälje<BR>,https://www.sodertalje.se/Soldalaskolan,17.604604905426367,59.18560822004892
,361,grundskola,20.86,Stålhamra,143,Null,20.71,19,361,142,2019-02-01T12:00:00Z,Stål,Stålhamraskolan,Kommunal,"F-6, Sär",Skogvaktarvägen 30 <BR> 151 47 Södertälje<BR>,https://www.sodertalje.se/Stalhamraskolan,17.622655865273163,59.177844961210525
,444,grundskola,20.93,Tavesta,186,Null,19.91,20,444,177,2019-02-01T12:00:00Z,Tave,Tavestaskolan,Kommunal,F-5,Rönnvägen 7 <BR> 153 36 Järna<BR>,https://www.sodertalje.se/tavestaskolan,17.5607384046489,59.096316380331835
40,305,grundskola,17.72,Valla,108,6.563833279,13.49,20,371,100,2019-02-01T12:00:00Z,Vall,Vallaskolan,Kommunal,F-6,Sandviksvägen 60 <BR> 151 50 Enhörna<BR>,https://www.sodertalje.se/Vallaskolan,17.48145953130543,59.25503028224599
130,669,grundskola,Null,Wasa,180,Null,Null,,702,140,2019-02-01T12:00:00Z,Wasa,Wasaskolan,Kommunal,F-9,Prosten Linders väg 2 <BR> 151 61 Södertälje<BR>,https://www.sodertalje.se/Wasaskolan,17.58046263369102,59.19335665834746
,485,gymnasium,30.65,Västergård,223,Null,5.33,15,1514,121,2019-02-01T12:00:00Z,Väst,Null,Null,Null,Null,Null,Null,Null
,210,övrigt ,Null,Stadshuset,,Null,62.86,20,210,264,2019-02-01T12:00:00Z,Stad,Null,Null,Null,Null,Null,Null,Null
,643,grundskola,29.23,Blombacka,376,Null,Null,20,1152,,2019-03-01T12:00:00Z,Blom,Blombackaskolan,Kommunal,F-9,Källgatan 8 <BR> 151 60 Södertälje<BR>,https://www.sodertalje.se/Blombackaskolan,17.610175386429578,59.193009209745874
,386,grundskola,Null,Braxen,,Null,Null,,386,,2019-03-01T12:00:00Z,Brax,Null,Null,Null,Null,Null,Null,Null
,899,grundskola,30.34,Brunnsäng,518,Null,9.96,19,899,170,2019-03-01T12:00:00Z,Brun,Brunnsängskolan,Kommunal,F-9,Häradsvägen 8 <BR> 152 48 Södertälje<BR>,https://www.sodertalje.se/Brunnsangskolan,17.63710477830217,59.21250350241082
,581,grundskola,16.36,Ene,190,Null,17.22,20,581,200,2019-03-01T12:00:00Z,Ene,Eneskolan,Kommunal,F-9,Mölnbovägen 25 <BR> 153 32 Järna<BR>,https://www.sodertalje.se/eneskolan,17.55750283469028,59.08379372434768
,338,grundskola,21.47,Fornbacka,145,Null,Null,20,338,,2019-03-01T12:00:00Z,Forn,Fornbackaskolan,Kommunal,"F-6, Sär",Fornhöjdsvägen 4 <BR> 152 58 Södertälje<BR>,https://www.sodertalje.se/Fornbackaskolan,17.6645602041309,59.19295953577887
,564,grundskola,41.56,Hovsjö,469,Null,12.32,20,564,139,2019-03-01T12:00:00Z,Hovs,Hovsjöskolan,Kommunal,F-9,Penselvägen 1 <BR> 151 65 Södertälje,https://www.sodertalje.se/Hovsjoskolan,17.598898753777032,59.17571289589243
,477,grundskola,4.71,Hölö,45,Null,5.03,20,477,48,2019-03-01T12:00:00Z,Hölö,Hölöskolan,Kommunal,F-9,Eriksbergsvägen 9 <BR> 153 71 Hölö<BR>,https://www.sodertalje.se/Holoskolan,17.54494648967159,59.023013557675405
,697,grundskola,25.75,Igelstaviken,"359,2",Null,Null,20,697,,2019-03-01T12:00:00Z,Igel,Igelsta grundskola,Kommunal,F-9,Korpuddsvägen 9-11 <BR>152 57 Södertälje <BR>,https://www.sodertalje.se/Igelstagrundskola,17.660093767283833,59.18326977968149
40,391,grundskola,20.12,Lina,165,4.877751357,16.46,21,391,135,2019-03-01T12:00:00Z,Lina,Lina grundskola,Kommunal,F-9,Vatt Annas väg 5-7 <BR> 151 55 Södertälje<BR>,https://www.sodertalje.se/Linagrundskola,17.588236735281328,59.2107546239738
,222,grundskola,25.72,Majtorp,120,Null,26.79,21,222,125,2019-03-01T12:00:00Z,Majt,Rosenborgsenheten (Majtorpskolan),Kommunal,F-3,Klätterstigen 4 <BR> 152 70 Södertälje<BR>,https://www.sodertalje.se/Rosenborgsenheten,17.651494782318082,59.193271925020795
11,325,gymnasium,3.52,Moraberg,24,1.614205004,3.38,21,325,23,2019-03-01T12:00:00Z,Mora,Mora Park Hölö,Fristående,Hos oss går barnen från förskoleålder (3 år) upp till årskurs 9. Waldorf- och läkepedagogik vävs samman i undervisningen.,Kristoffergården <BR>153 92 Hölö,http://www.morapark.se/sarskola-forskola,17.598694418220525,59.00505296735322
11,325,gymnasium,3.52,Moraberg,24,1.614205004,3.38,21,325,23,2019-03-01T12:00:00Z,Mora,Mora Park Järna,Fristående,Hos oss går barnen från förskoleålder (3 år) upp till årskurs 9. Waldorf- och läkepedagogik vävs samman i undervisningen.,Mora 8 <BR>153 95 Järna,http://www.morapark.se/sarskola-forskola,17.546649554275444,59.08395671580015
,145,grundskola,58.54,Mölnbo,170,Null,41.13,20,231,190,2019-03-01T12:00:00Z,Möln,Mölnboskolan,Kommunal,F-6,Skolvägen 13 <BR> 153 60 Mölnbo<BR>,https://www.sodertalje.se/Molnboskolan,17.4240737784609,59.0526617272965
,334,grundskola,Null,Oxbacken,,Null,Null,,334,,2019-03-01T12:00:00Z,Oxba,Oxbacksskolan 5-9,Kommunal,5-9,Mariekällgatan 3 <BR> 151 44 Södertälje<BR>,https://www.sodertalje.se/Oxbacksskolan,17.625645909275317,59.18884545332261
,334,grundskola,Null,Oxbacken,,Null,Null,,334,,2019-03-01T12:00:00Z,Oxba,Oxbacksskolan F-4,Kommunal,F-4,Bellevugatan 6-8 <BR> 151 73 Södertälje<BR>,https://www.sodertalje.se/Oxbacksskolan,17.62410663664879,59.19567503874605
157,531,grundskola,13.93,Pershagen,148,14.77507999,7.81,20,531,83,2019-03-01T12:00:00Z,Pers,Pershagenskolan,Kommunal,F-9,Bränningestrandsvägen 4 <BR> 151 39 Södertälje<BR>,https://www.pershagenskolan.se/,17.652221471021317,59.15264290899835
,639,gymnasium,19.56,Rektorsvägen,250,Null,15.88,20,639,203,2019-03-01T12:00:00Z,Rekt,Null,Null,Null,Null,Null,Null,Null
181,757,grundskola,28.67,Ronna,434,11.95824524,3.43,20,1179,81,2019-03-01T12:00:00Z,Ronn,Ronnaskolan,Kommunal,F-9,Robert Anbergsväg 1-3 <BR> 151 51 Södertälje<BR>,https://www.sodertalje.se/Ronnaskolan,17.597530945250995,59.20505199753246
,540,grundskola,37.03,Rosenborg,400,Null,19.12,20,1456,557,2019-03-01T12:00:00Z,Rose,Rosenborgsenheten,Kommunal,"F-9, Sär",Erik Dahlbergs väg 9 <BR> 152 40 Södertälje<BR>,https://www.sodertalje.se/Rosenborgsenheten,17.638892847871517,59.19723429606154
,628,grundskola,28.98,Soldala,364,Null,8.2,20,628,103,2019-03-01T12:00:00Z,Sold,Soldalaskolan,Kommunal,F-9,Lundbygatan 5 <BR> 151 46 Södertälje<BR>,https://www.sodertalje.se/Soldalaskolan,17.604604905426367,59.18560822004892
124,361,grundskola,23.28,Stålhamra,168,17.18403548,6.93,20,361,50,2019-03-01T12:00:00Z,Stål,Stålhamraskolan,Kommunal,"F-6, Sär",Skogvaktarvägen 30 <BR> 151 47 Södertälje<BR>,https://www.sodertalje.se/Stalhamraskolan,17.622655865273163,59.177844961210525
,444,grundskola,19.13,Tavesta,170,Null,22.5,20,444,200,2019-03-01T12:00:00Z,Tave,Tavestaskolan,Kommunal,F-5,Rönnvägen 7 <BR> 153 36 Järna<BR>,https://www.sodertalje.se/tavestaskolan,17.5607384046489,59.096316380331835
80,305,grundskola,23.44,Valla,150,12.50253958,15.41,21,371,120,2019-03-01T12:00:00Z,Vall,Vallaskolan,Kommunal,F-6,Sandviksvägen 60 <BR> 151 50 Enhörna<BR>,https://www.sodertalje.se/Vallaskolan,17.48145953130543,59.25503028224599
130,669,grundskola,19.94,Wasa,280,9.256094782,13.57,21,702,200,2019-03-01T12:00:00Z,Wasa,Wasaskolan,Kommunal,F-9,Prosten Linders väg 2 <BR> 151 61 Södertälje<BR>,https://www.sodertalje.se/Wasaskolan,17.58046263369102,59.19335665834746
127,485,gymnasium,24.12,Västergård,234,13.09008452,5.22,20,1514,158,2019-03-01T12:00:00Z,Väst,Null,Null,Null,Null,Null,Null,Null
,210,övrigt ,Null,Stadshuset,,Null,57.14,21,210,252,2019-03-01T12:00:00Z,Stad,Null,Null,Null,Null,Null,Null,Null
98,643,grundskola,23.81,Blombacka,245,9.52,2.12,16,1152,39,2019-04-01T12:00:00Z,Blom,Blombackaskolan,Kommunal,F-9,Källgatan 8 <BR> 151 60 Södertälje<BR>,https://www.sodertalje.se/Blombackaskolan,17.610175386429578,59.193009209745874
86,386,grundskola,33.02,Braxen,204,13.92,9.6,16,386,"59,3",2019-04-01T12:00:00Z,Brax,Null,Null,Null,Null,Null,Null,Null
,899,grundskola,32.76,Brunnsäng,471,Null,11.27,16,899,162,2019-04-01T12:00:00Z,Brun,Brunnsängskolan,Kommunal,F-9,Häradsvägen 8 <BR> 152 48 Södertälje<BR>,https://www.sodertalje.se/Brunnsangskolan,17.63710477830217,59.21250350241082
140,581,grundskola,22.28,Ene,220,14.18,13.88,17,581,137,2019-04-01T12:00:00Z,Ene,Eneskolan,Kommunal,F-9,Mölnbovägen 25 <BR> 153 32 Järna<BR>,https://www.sodertalje.se/eneskolan,17.55750283469028,59.08379372434768
88,338,grundskola,17.18,Fornbacka,87,17.37,14.41,15,338,73,2019-04-01T12:00:00Z,Forn,Fornbackaskolan,Kommunal,"F-6, Sär",Fornhöjdsvägen 4 <BR> 152 58 Södertälje<BR>,https://www.sodertalje.se/Fornbackaskolan,17.6645602041309,59.19295953577887
32,564,grundskola,40.58,Hovsjö,229,5.67,4.96,10,564,28,2019-04-01T12:00:00Z,Hovs,Hovsjöskolan,Kommunal,F-9,Penselvägen 1 <BR> 151 65 Södertälje,https://www.sodertalje.se/Hovsjoskolan,17.598898753777032,59.17571289589243
29,477,grundskola,6.7,Hölö,48,4.05,7.4,15,477,53,2019-04-01T12:00:00Z,Hölö,Hölöskolan,Kommunal,F-9,Eriksbergsvägen 9 <BR> 153 71 Hölö<BR>,https://www.sodertalje.se/Holoskolan,17.54494648967159,59.023013557675405
221,697,grundskola,33.28,Igelstaviken,441,16.68,5.06,19,697,67,2019-04-01T12:00:00Z,Igel,Igelsta grundskola,Kommunal,F-9,Korpuddsvägen 9-11 <BR>152 57 Södertälje <BR>,https://www.sodertalje.se/Igelstagrundskola,17.660093767283833,59.18326977968149
35,391,grundskola,24.81,Lina,155,5.6,20.01,16,391,125,2019-04-01T12:00:00Z,Lina,Lina grundskola,Kommunal,F-9,Vatt Annas väg 5-7 <BR> 151 55 Södertälje<BR>,https://www.sodertalje.se/Linagrundskola,17.588236735281328,59.2107546239738
,222,grundskola,18.56,Majtorp,66,Null,21.94,16,222,78,2019-04-01T12:00:00Z,Majt,Rosenborgsenheten (Majtorpskolan),Kommunal,F-3,Klätterstigen 4 <BR> 152 70 Södertälje<BR>,https://www.sodertalje.se/Rosenborgsenheten,17.651494782318082,59.193271925020795
14,325,gymnasium,5.39,Moraberg,28,2.7,2.7,16,325,14,2019-04-01T12:00:00Z,Mora,Mora Park Hölö,Fristående,Hos oss går barnen från förskoleålder (3 år) upp till årskurs 9. Waldorf- och läkepedagogik vävs samman i undervisningen.,Kristoffergården <BR>153 92 Hölö,http://www.morapark.se/sarskola-forskola,17.598694418220525,59.00505296735322
14,325,gymnasium,5.39,Moraberg,28,2.7,2.7,16,325,14,2019-04-01T12:00:00Z,Mora,Mora Park Järna,Fristående,Hos oss går barnen från förskoleålder (3 år) upp till årskurs 9. Waldorf- och läkepedagogik vävs samman i undervisningen.,Mora 8 <BR>153 95 Järna,http://www.morapark.se/sarskola-forskola,17.546649554275444,59.08395671580015
80,145,grundskola,89.13,Mölnbo,220,32.41,38.2,17,231,150,2019-04-01T12:00:00Z,Möln,Mölnboskolan,Kommunal,F-6,Skolvägen 13 <BR> 153 60 Mölnbo<BR>,https://www.sodertalje.se/Molnboskolan,17.4240737784609,59.0526617272965
,334,grundskola,Null,Oxbacken,,Null,Null,,334,,2019-04-01T12:00:00Z,Oxba,Oxbacksskolan 5-9,Kommunal,5-9,Mariekällgatan 3 <BR> 151 44 Södertälje<BR>,https://www.sodertalje.se/Oxbacksskolan,17.625645909275317,59.18884545332261
,334,grundskola,Null,Oxbacken,,Null,Null,,334,,2019-04-01T12:00:00Z,Oxba,Oxbacksskolan F-4,Kommunal,F-4,Bellevugatan 6-8 <BR> 151 73 Södertälje<BR>,https://www.sodertalje.se/Oxbacksskolan,17.62410663664879,59.19567503874605
87,531,grundskola,8.47,Pershagen,72,10.23,2.59,16,531,22,2019-04-01T12:00:00Z,Pers,Pershagenskolan,Kommunal,F-9,Bränningestrandsvägen 4 <BR> 151 39 Södertälje<BR>,https://www.pershagenskolan.se/,17.652221471021317,59.15264290899835
,639,gymnasium,7.53,Rektorsvägen,77,Null,11.34,16,639,116,2019-04-01T12:00:00Z,Rekt,Null,Null,Null,Null,Null,Null,Null
149,757,grundskola,23.87,Ronna,289,12.31,0.21,16,1179,4,2019-04-01T12:00:00Z,Ronn,Ronnaskolan,Kommunal,F-9,Robert Anbergsväg 1-3 <BR> 151 51 Södertälje<BR>,https://www.sodertalje.se/Ronnaskolan,17.597530945250995,59.20505199753246
,540,grundskola,9.5,Rosenborg,77,Null,15.01,15,1456,328,2019-04-01T12:00:00Z,Rose,Rosenborgsenheten,Kommunal,"F-9, Sär",Erik Dahlbergs väg 9 <BR> 152 40 Södertälje<BR>,https://www.sodertalje.se/Rosenborgsenheten,17.638892847871517,59.19723429606154
85,628,grundskola,20.5,Soldala,206,8.46,4.08,16,628,41,2019-04-01T12:00:00Z,Sold,Soldalaskolan,Kommunal,F-9,Lundbygatan 5 <BR> 151 46 Södertälje<BR>,https://www.sodertalje.se/Soldalaskolan,17.604604905426367,59.18560822004892
64,361,grundskola,22.69,Stålhamra,131,11.09,4.16,16,361,24,2019-04-01T12:00:00Z,Stål,Stålhamraskolan,Kommunal,"F-6, Sär",Skogvaktarvägen 30 <BR> 151 47 Södertälje<BR>,https://www.sodertalje.se/Stalhamraskolan,17.622655865273163,59.177844961210525
110,444,grundskola,26.72,Tavesta,190,15.47,16.88,16,444,120,2019-04-01T12:00:00Z,Tave,Tavestaskolan,Kommunal,F-5,Rönnvägen 7 <BR> 153 36 Järna<BR>,https://www.sodertalje.se/tavestaskolan,17.5607384046489,59.096316380331835
53,305,grundskola,22.28,Valla,129,9.15,14.48,19,371,102,2019-04-01T12:00:00Z,Vall,Vallaskolan,Kommunal,F-6,Sandviksvägen 60 <BR> 151 50 Enhörna<BR>,https://www.sodertalje.se/Vallaskolan,17.48145953130543,59.25503028224599
80,669,grundskola,29.9,Wasa,320,7.48,8.55,16,702,96,2019-04-01T12:00:00Z,Wasa,Wasaskolan,Kommunal,F-9,Prosten Linders väg 2 <BR> 151 61 Södertälje<BR>,https://www.sodertalje.se/Wasaskolan,17.58046263369102,59.19335665834746
148,485,gymnasium,22.03,Västergård,171,19.07,4.09,16,1514,99,2019-04-01T12:00:00Z,Väst,Null,Null,Null,Null,Null,Null,Null
,173,grundskola,Null,Viksberg,,Null,Null,,173,,2019-04-01T12:00:00Z,Viks,Viksbergskolan,Kommunal,F-6,Hoxeltorpsvägen 2B <BR> 152 95 Södertälje<BR>,https://www.sodertalje.se/viksbergskolan,17.62991773924535,59.23796516148902
,210,övrigt ,Null,Stadshuset,,Null,54.89,19,210,219,2019-04-01T12:00:00Z,Stad,Null,Null,Null,Null,Null,Null,Null
156,643,grundskola,20.81,Blombacka,281,11.55,3.06,21,1152,74,2019-05-01T12:00:00Z,Blom,Blombackaskolan,Kommunal,F-9,Källgatan 8 <BR> 151 60 Södertälje<BR>,https://www.sodertalje.se/Blombackaskolan,17.610175386429578,59.193009209745874
146,386,grundskola,28.49,Braxen,220,18.91,13.47,20,386,104,2019-05-01T12:00:00Z,Brax,Null,Null,Null,Null,Null,Null,Null
,899,grundskola,31.03,Brunnsäng,502,Null,11.13,18,899,180,2019-05-01T12:00:00Z,Brun,Brunnsängskolan,Kommunal,F-9,Häradsvägen 8 <BR> 152 48 Södertälje<BR>,https://www.sodertalje.se/Brunnsangskolan,17.63710477830217,59.21250350241082
60,581,grundskola,26.69,Ene,310,5.17,10.33,20,581,120,2019-05-01T12:00:00Z,Ene,Eneskolan,Kommunal,F-9,Mölnbovägen 25 <BR> 153 32 Järna<BR>,https://www.sodertalje.se/eneskolan,17.55750283469028,59.08379372434768
128,338,grundskola,18.51,Fornbacka,125,18.95,16.73,20,338,113,2019-05-01T12:00:00Z,Forn,Fornbackaskolan,Kommunal,"F-6, Sär",Fornhöjdsvägen 4 <BR> 152 58 Södertälje<BR>,https://www.sodertalje.se/Fornbackaskolan,17.6645602041309,59.19295953577887
40,564,grundskola,39.87,Hovsjö,450,3.54,3.81,20,564,43,2019-05-01T12:00:00Z,Hovs,Hovsjöskolan,Kommunal,F-9,Penselvägen 1 <BR> 151 65 Södertälje,https://www.sodertalje.se/Hovsjoskolan,17.598898753777032,59.17571289589243
22,477,grundskola,5.45,Hölö,52,2.3,6.28,20,477,60,2019-05-01T12:00:00Z,Hölö,Hölöskolan,Kommunal,F-9,Eriksbergsvägen 9 <BR> 153 71 Hölö<BR>,https://www.sodertalje.se/Holoskolan,17.54494648967159,59.023013557675405
342,697,grundskola,23.28,Igelstaviken,276,28.85,1.43,17,697,17,2019-05-01T12:00:00Z,Igel,Igelsta grundskola,Kommunal,F-9,Korpuddsvägen 9-11 <BR>152 57 Södertälje <BR>,https://www.sodertalje.se/Igelstagrundskola,17.660093767283833,59.18326977968149
70,391,grundskola,21.77,Lina,170,8.96,18.57,20,391,145,2019-05-01T12:00:00Z,Lina,Lina grundskola,Kommunal,F-9,Vatt Annas väg 5-7 <BR> 151 55 Södertälje<BR>,https://www.sodertalje.se/Linagrundskola,17.588236735281328,59.2107546239738
69,222,grundskola,12.86,Majtorp,60,14.79,12.64,21,222,59,2019-05-01T12:00:00Z,Majt,Rosenborgsenheten (Majtorpskolan),Kommunal,F-3,Klätterstigen 4 <BR> 152 70 Södertälje<BR>,https://www.sodertalje.se/Rosenborgsenheten,17.651494782318082,59.193271925020795
15,325,gymnasium,4.16,Moraberg,27,2.31,3.08,20,325,20,2019-05-01T12:00:00Z,Mora,Mora Park Hölö,Fristående,Hos oss går barnen från förskoleålder (3 år) upp till årskurs 9. Waldorf- och läkepedagogik vävs samman i undervisningen.,Kristoffergården <BR>153 92 Hölö,http://www.morapark.se/sarskola-forskola,17.598694418220525,59.00505296735322
15,325,gymnasium,4.16,Moraberg,27,2.31,3.08,20,325,20,2019-05-01T12:00:00Z,Mora,Mora Park Järna,Fristående,Hos oss går barnen från förskoleålder (3 år) upp till årskurs 9. Waldorf- och läkepedagogik vävs samman i undervisningen.,Mora 8 <BR>153 95 Järna,http://www.morapark.se/sarskola-forskola,17.546649554275444,59.08395671580015
17,145,grundskola,72.31,Mölnbo,210,5.85,5.41,20,231,25,2019-05-01T12:00:00Z,Möln,Mölnboskolan,Kommunal,F-6,Skolvägen 13 <BR> 153 60 Mölnbo<BR>,https://www.sodertalje.se/Molnboskolan,17.4240737784609,59.0526617272965
,334,grundskola,Null,Oxbacken,,Null,Null,,334,,2019-05-01T12:00:00Z,Oxba,Oxbacksskolan 5-9,Kommunal,5-9,Mariekällgatan 3 <BR> 151 44 Södertälje<BR>,https://www.sodertalje.se/Oxbacksskolan,17.625645909275317,59.18884545332261
,334,grundskola,Null,Oxbacken,,Null,Null,,334,,2019-05-01T12:00:00Z,Oxba,Oxbacksskolan F-4,Kommunal,F-4,Bellevugatan 6-8 <BR> 151 73 Södertälje<BR>,https://www.sodertalje.se/Oxbacksskolan,17.62410663664879,59.19567503874605
118,531,grundskola,10.63,Pershagen,113,11.1,3.58,20,531,38,2019-05-01T12:00:00Z,Pers,Pershagenskolan,Kommunal,F-9,Bränningestrandsvägen 4 <BR> 151 39 Södertälje<BR>,https://www.pershagenskolan.se/,17.652221471021317,59.15264290899835
,639,gymnasium,17.46,Rektorsvägen,212,Null,10.13,19,639,123,2019-05-01T12:00:00Z,Rekt,Null,Null,Null,Null,Null,Null,Null
195,757,grundskola,22.93,Ronna,347,12.88,0.93,20,1179,22,2019-05-01T12:00:00Z,Ronn,Ronnaskolan,Kommunal,F-9,Robert Anbergsväg 1-3 <BR> 151 51 Södertälje<BR>,https://www.sodertalje.se/Ronnaskolan,17.597530945250995,59.20505199753246
,540,grundskola,30.27,Rosenborg,327,Null,13.18,20,1456,384,2019-05-01T12:00:00Z,Rose,Rosenborgsenheten,Kommunal,"F-9, Sär",Erik Dahlbergs väg 9 <BR> 152 40 Södertälje<BR>,https://www.sodertalje.se/Rosenborgsenheten,17.638892847871517,59.19723429606154
95,628,grundskola,31.21,Soldala,392,7.56,6.61,20,628,83,2019-05-01T12:00:00Z,Sold,Soldalaskolan,Kommunal,F-9,Lundbygatan 5 <BR> 151 46 Södertälje<BR>,https://www.sodertalje.se/Soldalaskolan,17.604604905426367,59.18560822004892
72,361,grundskola,17.6,Stålhamra,127,9.98,0.28,20,361,2,2019-05-01T12:00:00Z,Stål,Stålhamraskolan,Kommunal,"F-6, Sär",Skogvaktarvägen 30 <BR> 151 47 Södertälje<BR>,https://www.sodertalje.se/Stalhamraskolan,17.622655865273163,59.177844961210525
40,444,grundskola,10.69,Tavesta,95,4.5,7.31,20,444,65,2019-05-01T12:00:00Z,Tave,Tavestaskolan,Kommunal,F-5,Rönnvägen 7 <BR> 153 36 Järna<BR>,https://www.sodertalje.se/tavestaskolan,17.5607384046489,59.096316380331835
46,305,grundskola,26.26,Valla,160,7.55,20.64,20,371,153,2019-05-01T12:00:00Z,Vall,Vallaskolan,Kommunal,F-6,Sandviksvägen 60 <BR> 151 50 Enhörna<BR>,https://www.sodertalje.se/Vallaskolan,17.48145953130543,59.25503028224599
70,669,grundskola,20.93,Wasa,280,5.23,6.41,20,702,90,2019-05-01T12:00:00Z,Wasa,Wasaskolan,Kommunal,F-9,Prosten Linders väg 2 <BR> 151 61 Södertälje<BR>,https://www.sodertalje.se/Wasaskolan,17.58046263369102,59.19335665834746
157,485,gymnasium,20.16,Västergård,176,17.98,2.5,18,1514,68,2019-05-01T12:00:00Z,Väst,Null,Null,Null,Null,Null,Null,Null
74,173,grundskola,41.11,Viksberg,142,21.42443544,31.79190751,20,173,110,2019-05-01T12:00:00Z,Viks,Viksbergskolan,Kommunal,F-6,Hoxeltorpsvägen 2B <BR> 152 95 Södertälje<BR>,https://www.sodertalje.se/viksbergskolan,17.62991773924535,59.23796516148902
,210,övrigt ,Null,Stadshuset,,Null,Null,,210,,2019-05-01T12:00:00Z,Stad,Null,Null,Null,Null,Null,Null,Null
140,685,grundskola,25.83,Blombacka,354,10.21,4.35,20,1148,100,2019-09-01T12:00:00Z,Blom,Blombackaskolan,Kommunal,F-9,Källgatan 8 <BR> 151 60 Södertälje<BR>,https://www.sodertalje.se/Blombackaskolan,17.610175386429578,59.193009209745874
110,380,grundskola,32.12,Braxen,256,13.8,5.14,21,380,41,2019-09-01T12:00:00Z,Brax,Null,Null,Null,Null,Null,Null,Null
412,873,grundskola,29.2,Brunnsäng,510,23.59,5.5,20,873,96,2019-09-01T12:00:00Z,Brun,Brunnsängskolan,Kommunal,F-9,Häradsvägen 8 <BR> 152 48 Södertälje<BR>,https://www.sodertalje.se/Brunnsangskolan,17.63710477830217,59.21250350241082
100,565,grundskola,19.37,Ene,230,8.42,4.21,21,565,50,2019-09-01T12:00:00Z,Ene,Eneskolan,Kommunal,F-9,Mölnbovägen 25 <BR> 153 32 Järna<BR>,https://www.sodertalje.se/eneskolan,17.55750283469028,59.08379372434768
"119,3",339,grundskola,22.28,Fornbacka,151,17.61,12.96,20,339,"87,8",2019-09-01T12:00:00Z,Forn,Fornbackaskolan,Kommunal,"F-6, Sär",Fornhöjdsvägen 4 <BR> 152 58 Södertälje<BR>,https://www.sodertalje.se/Fornbackaskolan,17.6645602041309,59.19295953577887
43,582,grundskola,51.3,Hovsjö,597,3.69,2.75,20,582,32,2019-09-01T12:00:00Z,Hovs,Hovsjöskolan,Kommunal,F-9,Penselvägen 1 <BR> 151 65 Södertälje,https://www.sodertalje.se/Hovsjoskolan,17.598898753777032,59.17571289589243
98,469,grundskola,8,Hölö,75,10.46,4.02,20,473,38,2019-09-01T12:00:00Z,Hölö,Hölöskolan,Kommunal,F-9,Eriksbergsvägen 9 <BR> 153 71 Hölö<BR>,https://www.sodertalje.se/Holoskolan,17.54494648967159,59.023013557675405
413,740,grundskola,29.14,Igelstaviken,453,26.57,0.93,21,740,"14,4",2019-09-01T12:00:00Z,Igel,Igelsta grundskola,Kommunal,F-9,Korpuddsvägen 9-11 <BR>152 57 Södertälje <BR>,https://www.sodertalje.se/Igelstagrundskola,17.660093767283833,59.18326977968149
40,393,grundskola,19.1,Lina,150,5.09,15.92,20,393,125,2019-09-01T12:00:00Z,Lina,Lina grundskola,Kommunal,F-9,Vatt Annas väg 5-7 <BR> 151 55 Södertälje<BR>,https://www.sodertalje.se/Linagrundskola,17.588236735281328,59.2107546239738
86,215,grundskola,31.9,Majtorp,130,21.1,7.61,19,215,31,2019-09-01T12:00:00Z,Majt,Rosenborgsenheten (Majtorpskolan),Kommunal,F-3,Klätterstigen 4 <BR> 152 70 Södertälje<BR>,https://www.sodertalje.se/Rosenborgsenheten,17.651494782318082,59.193271925020795
28,287,gymnasium,6.62,Moraberg,38,4.88,3.13,20,287,18,2019-09-01T12:00:00Z,Mora,Mora Park Hölö,Fristående,Hos oss går barnen från förskoleålder (3 år) upp till årskurs 9. Waldorf- och läkepedagogik vävs samman i undervisningen.,Kristoffergården <BR>153 92 Hölö,http://www.morapark.se/sarskola-forskola,17.598694418220525,59.00505296735322
28,287,gymnasium,6.62,Moraberg,38,4.88,3.13,20,287,18,2019-09-01T12:00:00Z,Mora,Mora Park Järna,Fristående,Hos oss går barnen från förskoleålder (3 år) upp till årskurs 9. Waldorf- och läkepedagogik vävs samman i undervisningen.,Mora 8 <BR>153 95 Järna,http://www.morapark.se/sarskola-forskola,17.546649554275444,59.08395671580015
22,156,grundskola,60.97,Mölnbo,200,6.71,4.53,21,242,23,2019-09-01T12:00:00Z,Möln,Mölnboskolan,Kommunal,F-6,Skolvägen 13 <BR> 153 60 Mölnbo<BR>,https://www.sodertalje.se/Molnboskolan,17.4240737784609,59.0526617272965
110,352,grundskola,34.63,Oxbacken,256,14.88,5.55,21,352,41,2019-09-01T12:00:00Z,Oxba,Oxbacksskolan 5-9,Kommunal,5-9,Mariekällgatan 3 <BR> 151 44 Södertälje<BR>,https://www.sodertalje.se/Oxbacksskolan,17.625645909275317,59.18884545332261
110,352,grundskola,34.63,Oxbacken,256,14.88,5.55,21,352,41,2019-09-01T12:00:00Z,Oxba,Oxbacksskolan F-4,Kommunal,F-4,Bellevugatan 6-8 <BR> 151 73 Södertälje<BR>,https://www.sodertalje.se/Oxbacksskolan,17.62410663664879,59.19567503874605
268,550,grundskola,19.65,Pershagen,227,23.2,5.8,21,550,67,2019-09-01T12:00:00Z,Pers,Pershagenskolan,Kommunal,F-9,Bränningestrandsvägen 4 <BR> 151 39 Södertälje<BR>,https://www.pershagenskolan.se/,17.652221471021317,59.15264290899835
67,694,gymnasium,23.99,Rektorsvägen,333,4.83,3.67,20,694,51,2019-09-01T12:00:00Z,Rekt,Null,Null,Null,Null,Null,Null,Null
163,760,grundskola,28.09,Ronna,427,10.72,1.43,20,1018,29,2019-09-01T12:00:00Z,Ronn,Ronnaskolan,Kommunal,F-9,Robert Anbergsväg 1-3 <BR> 151 51 Södertälje<BR>,https://www.sodertalje.se/Ronnaskolan,17.597530945250995,59.20505199753246
185,535,grundskola,27.78,Rosenborg,297,17.3,1.23,20,1498,37,2019-09-01T12:00:00Z,Rose,Rosenborgsenheten,Kommunal,"F-9, Sär",Erik Dahlbergs väg 9 <BR> 152 40 Södertälje<BR>,https://www.sodertalje.se/Rosenborgsenheten,17.638892847871517,59.19723429606154
99,619,grundskola,28.5,Soldala,353,7.99,3.88,20,619,48,2019-09-01T12:00:00Z,Sold,Soldalaskolan,Kommunal,F-9,Lundbygatan 5 <BR> 151 46 Södertälje<BR>,https://www.sodertalje.se/Soldalaskolan,17.604604905426367,59.18560822004892
133,364,grundskola,23.8,Stålhamra,182,17.39,Null,21,364,,2019-09-01T12:00:00Z,Stål,Stålhamraskolan,Kommunal,"F-6, Sär",Skogvaktarvägen 30 <BR> 151 47 Södertälje<BR>,https://www.sodertalje.se/Stalhamraskolan,17.622655865273163,59.177844961210525
61,429,grundskola,23.31,Tavesta,210,6.77,4.11,21,429,37,2019-09-01T12:00:00Z,Tave,Tavestaskolan,Kommunal,F-5,Rönnvägen 7 <BR> 153 36 Järna<BR>,https://www.sodertalje.se/tavestaskolan,17.5607384046489,59.096316380331835
72,320,grundskola,13.75,Valla,88,11.25,15.54,20,386,120,2019-09-01T12:00:00Z,Vall,Vallaskolan,Kommunal,F-6,Sandviksvägen 60 <BR> 151 50 Enhörna<BR>,https://www.sodertalje.se/Vallaskolan,17.48145953130543,59.25503028224599
78,650,grundskola,26.92,Wasa,350,6,7.69,20,650,100,2019-09-01T12:00:00Z,Wasa,Wasaskolan,Kommunal,F-9,Prosten Linders väg 2 <BR> 151 61 Södertälje<BR>,https://www.sodertalje.se/Wasaskolan,17.58046263369102,59.19335665834746
88,501,gymnasium,20.18,Västergård,202,8.79,3.77,20,1551,117,2019-09-01T12:00:00Z,Väst,Null,Null,Null,Null,Null,Null,Null
95,237,grundskola,32.98,Viksberg,156,20.08,5.92,20,237,28,2019-09-01T12:00:00Z,Viks,Viksbergskolan,Kommunal,F-6,Hoxeltorpsvägen 2B <BR> 152 95 Södertälje<BR>,https://www.sodertalje.se/viksbergskolan,17.62991773924535,59.23796516148902
,210,övrigt ,Null,Stadshuset,,Null,58.87,22,210,272,2019-09-01T12:00:00Z,Stad,Null,Null,Null,Null,Null,Null,Null
110,685,grundskola,21.16,Blombacka,290,8.03,4.09,20,1148,94,2019-10-01T12:00:00Z,Blom,Blombackaskolan,Kommunal,F-9,Källgatan 8 <BR> 151 60 Södertälje<BR>,https://www.sodertalje.se/Blombackaskolan,17.610175386429578,59.193009209745874
174,380,grundskola,31.23,Braxen,237,22.92,6.98,20,380,53,2019-10-01T12:00:00Z,Brax,Null,Null,Null,Null,Null,Null,Null
287,873,grundskola,26.91,Brunnsäng,470,16.43,8.82,20,873,154,2019-10-01T12:00:00Z,Brun,Brunnsängskolan,Kommunal,F-9,Häradsvägen 8 <BR> 152 48 Södertälje<BR>,https://www.sodertalje.se/Brunnsangskolan,17.63710477830217,59.21250350241082
,565,grundskola,Null,Ene,,Null,Null,,565,,2019-10-01T12:00:00Z,Ene,Eneskolan,Kommunal,F-9,Mölnbovägen 25 <BR> 153 32 Järna<BR>,https://www.sodertalje.se/eneskolan,17.55750283469028,59.08379372434768
"103,3",339,grundskola,20.46,Fornbacka,"131,7",16.05,9.63,19,339,62,2019-10-01T12:00:00Z,Forn,Fornbackaskolan,Kommunal,"F-6, Sär",Fornhöjdsvägen 4 <BR> 152 58 Södertälje<BR>,https://www.sodertalje.se/Fornbackaskolan,17.6645602041309,59.19295953577887
39,582,grundskola,42.33,Hovsjö,468,3.53,2.62,19,582,29,2019-10-01T12:00:00Z,Hovs,Hovsjöskolan,Kommunal,F-9,Penselvägen 1 <BR> 151 65 Södertälje,https://www.sodertalje.se/Hovsjoskolan,17.598898753777032,59.17571289589243
103,469,grundskola,8.65,Hölö,77,11.57,6.12,19,473,55,2019-10-01T12:00:00Z,Hölö,Hölöskolan,Kommunal,F-9,Eriksbergsvägen 9 <BR> 153 71 Hölö<BR>,https://www.sodertalje.se/Holoskolan,17.54494648967159,59.023013557675405
435,740,grundskola,31.68,Igelstaviken,469,29.38,1.74,20,740,"25,8",2019-10-01T12:00:00Z,Igel,Igelsta grundskola,Kommunal,F-9,Korpuddsvägen 9-11 <BR>152 57 Södertälje <BR>,https://www.sodertalje.se/Igelstagrundskola,17.660093767283833,59.18326977968149
40,393,grundskola,18.76,Lina,140,5.36,14.74,19,393,110,2019-10-01T12:00:00Z,Lina,Lina grundskola,Kommunal,F-9,Vatt Annas väg 5-7 <BR> 151 55 Södertälje<BR>,https://www.sodertalje.se/Linagrundskola,17.588236735281328,59.2107546239738
98,215,grundskola,24.86,Majtorp,96,25.38,5.7,18,215,22,2019-10-01T12:00:00Z,Majt,Rosenborgsenheten (Majtorpskolan),Kommunal,F-3,Klätterstigen 4 <BR> 152 70 Södertälje<BR>,https://www.sodertalje.se/Rosenborgsenheten,17.651494782318082,59.193271925020795
25,287,gymnasium,8.8,Moraberg,48,4.58,4.4,19,287,24,2019-10-01T12:00:00Z,Mora,Mora Park Hölö,Fristående,Hos oss går barnen från förskoleålder (3 år) upp till årskurs 9. Waldorf- och läkepedagogik vävs samman i undervisningen.,Kristoffergården <BR>153 92 Hölö,http://www.morapark.se/sarskola-forskola,17.598694418220525,59.00505296735322
25,287,gymnasium,8.8,Moraberg,48,4.58,4.4,19,287,24,2019-10-01T12:00:00Z,Mora,Mora Park Järna,Fristående,Hos oss går barnen från förskoleålder (3 år) upp till årskurs 9. Waldorf- och läkepedagogik vävs samman i undervisningen.,Mora 8 <BR>153 95 Järna,http://www.morapark.se/sarskola-forskola,17.546649554275444,59.08395671580015
65,156,grundskola,64.02,Mölnbo,190,21.9,5.22,19,242,24,2019-10-01T12:00:00Z,Möln,Mölnboskolan,Kommunal,F-6,Skolvägen 13 <BR> 153 60 Mölnbo<BR>,https://www.sodertalje.se/Molnboskolan,17.4240737784609,59.0526617272965
,352,grundskola,Null,Oxbacken,,Null,Null,,352,,2019-10-01T12:00:00Z,Oxba,Oxbacksskolan 5-9,Kommunal,5-9,Mariekällgatan 3 <BR> 151 44 Södertälje<BR>,https://www.sodertalje.se/Oxbacksskolan,17.625645909275317,59.18884545332261
,352,grundskola,Null,Oxbacken,,Null,Null,,352,,2019-10-01T12:00:00Z,Oxba,Oxbacksskolan F-4,Kommunal,F-4,Bellevugatan 6-8 <BR> 151 73 Södertälje<BR>,https://www.sodertalje.se/Oxbacksskolan,17.62410663664879,59.19567503874605
163,550,grundskola,14.94,Pershagen,189,12.89,0.32,23,550,4,2019-10-01T12:00:00Z,Pers,Pershagenskolan,Kommunal,F-9,Bränningestrandsvägen 4 <BR> 151 39 Södertälje<BR>,https://www.pershagenskolan.se/,17.652221471021317,59.15264290899835
69,694,gymnasium,21.85,Rektorsvägen,273,5.52,2.88,18,694,36,2019-10-01T12:00:00Z,Rekt,Null,Null,Null,Null,Null,Null,Null
116,760,grundskola,22.78,Ronna,329,8.03,5.12,19,1018,99,2019-10-01T12:00:00Z,Ronn,Ronnaskolan,Kommunal,F-9,Robert Anbergsväg 1-3 <BR> 151 51 Södertälje<BR>,https://www.sodertalje.se/Ronnaskolan,17.597530945250995,59.20505199753246
203,535,grundskola,27.95,Rosenborg,269,21.1,0.26,18,1498,7,2019-10-01T12:00:00Z,Rose,Rosenborgsenheten,Kommunal,"F-9, Sär",Erik Dahlbergs väg 9 <BR> 152 40 Södertälje<BR>,https://www.sodertalje.se/Rosenborgsenheten,17.638892847871517,59.19723429606154
87,619,grundskola,32.89,Soldala,387,7.39,3.23,19,619,38,2019-10-01T12:00:00Z,Sold,Soldalaskolan,Kommunal,F-9,Lundbygatan 5 <BR> 151 46 Södertälje<BR>,https://www.sodertalje.se/Soldalaskolan,17.604604905426367,59.18560822004892
184,364,grundskola,20.9,Stålhamra,175,21.97,2.63,23,364,22,2019-10-01T12:00:00Z,Stål,Stålhamraskolan,Kommunal,"F-6, Sär",Skogvaktarvägen 30 <BR> 151 47 Södertälje<BR>,https://www.sodertalje.se/Stalhamraskolan,17.622655865273163,59.177844961210525
31,429,grundskola,26.62,Tavesta,217,3.8,4.29,19,429,35,2019-10-01T12:00:00Z,Tave,Tavestaskolan,Kommunal,F-5,Rönnvägen 7 <BR> 153 36 Järna<BR>,https://www.sodertalje.se/tavestaskolan,17.5607384046489,59.096316380331835
70,320,grundskola,13.15,Valla,80,11.51,13.63,19,386,100,2019-10-01T12:00:00Z,Vall,Vallaskolan,Kommunal,F-6,Sandviksvägen 60 <BR> 151 50 Enhörna<BR>,https://www.sodertalje.se/Vallaskolan,17.48145953130543,59.25503028224599
152,650,grundskola,32.38,Wasa,400,12.31,8.91,19,650,110,2019-10-01T12:00:00Z,Wasa,Wasaskolan,Kommunal,F-9,Prosten Linders väg 2 <BR> 151 61 Södertälje<BR>,https://www.sodertalje.se/Wasaskolan,17.58046263369102,59.19335665834746
84,501,gymnasium,23.77,Västergård,226,8.83,6.31,19,1551,186,2019-10-01T12:00:00Z,Väst,Null,Null,Null,Null,Null,Null,Null
105,237,grundskola,25.59,Viksberg,115,23.37,7.57,19,237,34,2019-10-01T12:00:00Z,Viks,Viksbergskolan,Kommunal,F-6,Hoxeltorpsvägen 2B <BR> 152 95 Södertälje<BR>,https://www.sodertalje.se/viksbergskolan,17.62991773924535,59.23796516148902
,210,övrigt ,Null,Stadshuset,,Null,57.56,23,210,278,2019-10-01T12:00:00Z,Stad,Null,Null,Null,Null,Null,Null,Null
,685,grundskola,21.96,Blombacka,301,Null,4.44,20,1148,102,2019-11-01T12:00:00Z,Blom,Blombackaskolan,Kommunal,F-9,Källgatan 8 <BR> 151 60 Södertälje<BR>,https://www.sodertalje.se/Blombackaskolan,17.610175386429578,59.193009209745874
179,380,grundskola,34.26,Braxen,260,23.58,19.5,20,380,148,2019-11-01T12:00:00Z,Brax,Null,Null,Null,Null,Null,Null,Null
160,873,grundskola,24.62,Brunnsäng,430,9.16,7.96,20,873,139,2019-11-01T12:00:00Z,Brun,Brunnsängskolan,Kommunal,F-9,Häradsvägen 8 <BR> 152 48 Södertälje<BR>,https://www.sodertalje.se/Brunnsangskolan,17.63710477830217,59.21250350241082
62,565,grundskola,16.84,Ene,200,5.22,4.04,21,565,48,2019-11-01T12:00:00Z,Ene,Eneskolan,Kommunal,F-9,Mölnbovägen 25 <BR> 153 32 Järna<BR>,https://www.sodertalje.se/eneskolan,17.55750283469028,59.08379372434768
"87,2",339,grundskola,16.31,Fornbacka,105,13.55,9.01,19,339,58,2019-11-01T12:00:00Z,Forn,Fornbackaskolan,Kommunal,"F-6, Sär",Fornhöjdsvägen 4 <BR> 152 58 Södertälje<BR>,https://www.sodertalje.se/Fornbackaskolan,17.6645602041309,59.19295953577887
208,582,grundskola,42.15,Hovsjö,466,18.81,4.61,19,582,51,2019-11-01T12:00:00Z,Hovs,Hovsjöskolan,Kommunal,F-9,Penselvägen 1 <BR> 151 65 Södertälje,https://www.sodertalje.se/Hovsjoskolan,17.598898753777032,59.17571289589243
92,469,grundskola,9.1,Hölö,81,10.33,5.23,19,473,47,2019-11-01T12:00:00Z,Hölö,Hölöskolan,Kommunal,F-9,Eriksbergsvägen 9 <BR> 153 71 Hölö<BR>,https://www.sodertalje.se/Holoskolan,17.54494648967159,59.023013557675405
363,740,grundskola,27.82,Igelstaviken,"432,5",23.35,2.23,21,740,"34,6",2019-11-01T12:00:00Z,Igel,Igelsta grundskola,Kommunal,F-9,Korpuddsvägen 9-11 <BR>152 57 Södertälje <BR>,https://www.sodertalje.se/Igelstagrundskola,17.660093767283833,59.18326977968149
39,393,grundskola,30.56,Lina,240,4.97,8.28,20,393,65,2019-11-01T12:00:00Z,Lina,Lina grundskola,Kommunal,F-9,Vatt Annas väg 5-7 <BR> 151 55 Södertälje<BR>,https://www.sodertalje.se/Linagrundskola,17.588236735281328,59.2107546239738
167,215,grundskola,19.09,Majtorp,86,37.07,5.55,21,215,25,2019-11-01T12:00:00Z,Majt,Rosenborgsenheten (Majtorpskolan),Kommunal,F-3,Klätterstigen 4 <BR> 152 70 Södertälje<BR>,https://www.sodertalje.se/Rosenborgsenheten,17.651494782318082,59.193271925020795
26,287,gymnasium,10.1,Moraberg,58,4.53,4.88,20,287,28,2019-11-01T12:00:00Z,Mora,Mora Park Hölö,Fristående,Hos oss går barnen från förskoleålder (3 år) upp till årskurs 9. Waldorf- och läkepedagogik vävs samman i undervisningen.,Kristoffergården <BR>153 92 Hölö,http://www.morapark.se/sarskola-forskola,17.598694418220525,59.00505296735322
26,287,gymnasium,10.1,Moraberg,58,4.53,4.88,20,287,28,2019-11-01T12:00:00Z,Mora,Mora Park Järna,Fristående,Hos oss går barnen från förskoleålder (3 år) upp till årskurs 9. Waldorf- och läkepedagogik vävs samman i undervisningen.,Mora 8 <BR>153 95 Järna,http://www.morapark.se/sarskola-forskola,17.546649554275444,59.08395671580015
38,156,grundskola,57.92,Mölnbo,190,11.58,4.13,21,242,21,2019-11-01T12:00:00Z,Möln,Mölnboskolan,Kommunal,F-6,Skolvägen 13 <BR> 153 60 Mölnbo<BR>,https://www.sodertalje.se/Molnboskolan,17.4240737784609,59.0526617272965
,352,grundskola,32.67,Oxbacken,230,Null,9.232954545,20,352,65,2019-11-01T12:00:00Z,Oxba,Oxbacksskolan 5-9,Kommunal,5-9,Mariekällgatan 3 <BR> 151 44 Södertälje<BR>,https://www.sodertalje.se/Oxbacksskolan,17.625645909275317,59.18884545332261
,352,grundskola,32.67,Oxbacken,230,Null,9.232954545,20,352,65,2019-11-01T12:00:00Z,Oxba,Oxbacksskolan F-4,Kommunal,F-4,Bellevugatan 6-8 <BR> 151 73 Södertälje<BR>,https://www.sodertalje.se/Oxbacksskolan,17.62410663664879,59.19567503874605
218,550,grundskola,17.18,Pershagen,189,19.82,0.45,20,550,5,2019-11-01T12:00:00Z,Pers,Pershagenskolan,Kommunal,F-9,Bränningestrandsvägen 4 <BR> 151 39 Södertälje<BR>,https://www.pershagenskolan.se/,17.652221471021317,59.15264290899835
76,694,gymnasium,18.58,Rektorsvägen,245,5.76,1.52,19,694,20,2019-11-01T12:00:00Z,Rekt,Null,Null,Null,Null,Null,Null,Null
131,760,grundskola,24.58,Ronna,355,9.07,5.17,19,1018,100,2019-11-01T12:00:00Z,Ronn,Ronnaskolan,Kommunal,F-9,Robert Anbergsväg 1-3 <BR> 151 51 Södertälje<BR>,https://www.sodertalje.se/Ronnaskolan,17.597530945250995,59.20505199753246
192,535,grundskola,29.04,Rosenborg,295,18.9,0.74,19,1498,21,2019-11-01T12:00:00Z,Rose,Rosenborgsenheten,Kommunal,"F-9, Sär",Erik Dahlbergs väg 9 <BR> 152 40 Södertälje<BR>,https://www.sodertalje.se/Rosenborgsenheten,17.638892847871517,59.19723429606154
116,619,grundskola,28.74,Soldala,356,9.37,4.52,20,619,56,2019-11-01T12:00:00Z,Sold,Soldalaskolan,Kommunal,F-9,Lundbygatan 5 <BR> 151 46 Södertälje<BR>,https://www.sodertalje.se/Soldalaskolan,17.604604905426367,59.18560822004892
107,364,grundskola,20.27,Stålhamra,155,13.99,5.49,21,364,42,2019-11-01T12:00:00Z,Stål,Stålhamraskolan,Kommunal,"F-6, Sär",Skogvaktarvägen 30 <BR> 151 47 Södertälje<BR>,https://www.sodertalje.se/Stalhamraskolan,17.622655865273163,59.177844961210525
67,429,grundskola,26.81,Tavesta,230,7.81,4.9,20,429,42,2019-11-01T12:00:00Z,Tave,Tavestaskolan,Kommunal,F-5,Rönnvägen 7 <BR> 153 36 Järna<BR>,https://www.sodertalje.se/tavestaskolan,17.5607384046489,59.096316380331835
82,320,grundskola,25.3,Valla,162,12.81,13.21,20,386,102,2019-11-01T12:00:00Z,Vall,Vallaskolan,Kommunal,F-6,Sandviksvägen 60 <BR> 151 50 Enhörna<BR>,https://www.sodertalje.se/Vallaskolan,17.48145953130543,59.25503028224599
120,650,grundskola,27.07,Wasa,352,9.23,9.61,20,650,125,2019-11-01T12:00:00Z,Wasa,Wasaskolan,Kommunal,F-9,Prosten Linders väg 2 <BR> 151 61 Södertälje<BR>,https://www.sodertalje.se/Wasaskolan,17.58046263369102,59.19335665834746
100,501,gymnasium,13.46,Västergård,128,10.52,3.12,19,1551,92,2019-11-01T12:00:00Z,Väst,Null,Null,Null,Null,Null,Null,Null
112,237,grundskola,20.03,Viksberg,90,24.92,7.12,19,237,32,2019-11-01T12:00:00Z,Viks,Viksbergskolan,Kommunal,F-6,Hoxeltorpsvägen 2B <BR> 152 95 Södertälje<BR>,https://www.sodertalje.se/viksbergskolan,17.62991773924535,59.23796516148902
,210,övrigt ,Null,Stadshuset,,Null,48.86,23,210,236,2019-11-01T12:00:00Z,Stad,Null,Null,Null,Null,Null,Null,Null
,685,grundskola,25.29,Blombacka,260,Null,4.99,15,1148,86,2019-12-01T12:00:00Z,Blom,Blombackaskolan,Kommunal,F-9,Källgatan 8 <BR> 151 60 Södertälje<BR>,https://www.sodertalje.se/Blombackaskolan,17.610175386429578,59.193009209745874
,380,grundskola,Null,Braxen,,Null,Null,,380,,2019-12-01T12:00:00Z,Brax,Null,Null,Null,Null,Null,Null,Null
150,873,grundskola,34.73,Brunnsäng,455,11.44950767,11.45,15,873,150,2019-12-01T12:00:00Z,Brun,Brunnsängskolan,Kommunal,F-9,Häradsvägen 8 <BR> 152 48 Södertälje<BR>,https://www.sodertalje.se/Brunnsangskolan,17.63710477830217,59.21250350241082
97,565,grundskola,15.33,Ene,130,11.44,6.72,15,565,57,2019-12-01T12:00:00Z,Ene,Eneskolan,Kommunal,F-9,Mölnbovägen 25 <BR> 153 32 Järna<BR>,https://www.sodertalje.se/eneskolan,17.55750283469028,59.08379372434768
79,339,grundskola,13.01,Fornbacka,"66,1",15.55,10.63,15,339,54,2019-12-01T12:00:00Z,Forn,Fornbackaskolan,Kommunal,"F-6, Sär",Fornhöjdsvägen 4 <BR> 152 58 Södertälje<BR>,https://www.sodertalje.se/Fornbackaskolan,17.6645602041309,59.19295953577887
137,582,grundskola,40.67,Hovsjö,355,15.7,3.9,15,582,34,2019-12-01T12:00:00Z,Hovs,Hovsjöskolan,Kommunal,F-9,Penselvägen 1 <BR> 151 65 Södertälje,https://www.sodertalje.se/Hovsjoskolan,17.598898753777032,59.17571289589243
79,469,grundskola,9.12,Hölö,"64,1",11.24,7.61,15,473,54,2019-12-01T12:00:00Z,Hölö,Hölöskolan,Kommunal,F-9,Eriksbergsvägen 9 <BR> 153 71 Hölö<BR>,https://www.sodertalje.se/Holoskolan,17.54494648967159,59.023013557675405
244,740,grundskola,24.03,Igelstaviken,249,23.54,1.11,14,740,"11,5",2019-12-01T12:00:00Z,Igel,Igelsta grundskola,Kommunal,F-9,Korpuddsvägen 9-11 <BR>152 57 Södertälje <BR>,https://www.sodertalje.se/Igelstagrundskola,17.660093767283833,59.18326977968149
70,393,grundskola,24.62,Lina,145,11.88,13.58,15,393,80,2019-12-01T12:00:00Z,Lina,Lina grundskola,Kommunal,F-9,Vatt Annas väg 5-7 <BR> 151 55 Södertälje<BR>,https://www.sodertalje.se/Linagrundskola,17.588236735281328,59.2107546239738
69,215,grundskola,22.07,Majtorp,71,21.44522145,6.53,15,215,21,2019-12-01T12:00:00Z,Majt,Rosenborgsenheten (Majtorpskolan),Kommunal,F-3,Klätterstigen 4 <BR> 152 70 Södertälje<BR>,https://www.sodertalje.se/Rosenborgsenheten,17.651494782318082,59.193271925020795
26,287,gymnasium,11.15,Moraberg,48,6.04,5.34,15,287,23,2019-12-01T12:00:00Z,Mora,Mora Park Hölö,Fristående,Hos oss går barnen från förskoleålder (3 år) upp till årskurs 9. Waldorf- och läkepedagogik vävs samman i undervisningen.,Kristoffergården <BR>153 92 Hölö,http://www.morapark.se/sarskola-forskola,17.598694418220525,59.00505296735322
26,287,gymnasium,11.15,Moraberg,48,6.04,5.34,15,287,23,2019-12-01T12:00:00Z,Mora,Mora Park Järna,Fristående,Hos oss går barnen från förskoleålder (3 år) upp till årskurs 9. Waldorf- och läkepedagogik vävs samman i undervisningen.,Mora 8 <BR>153 95 Järna,http://www.morapark.se/sarskola-forskola,17.546649554275444,59.08395671580015
37,156,grundskola,15.79,Mölnbo,37,15.79,6.34,15,242,23,2019-12-01T12:00:00Z,Möln,Mölnboskolan,Kommunal,F-6,Skolvägen 13 <BR> 153 60 Mölnbo<BR>,https://www.sodertalje.se/Molnboskolan,17.4240737784609,59.0526617272965
,352,grundskola,34.47,Oxbacken,182,Null,9.848484848,15,352,52,2019-12-01T12:00:00Z,Oxba,Oxbacksskolan 5-9,Kommunal,5-9,Mariekällgatan 3 <BR> 151 44 Södertälje<BR>,https://www.sodertalje.se/Oxbacksskolan,17.625645909275317,59.18884545332261
,352,grundskola,34.47,Oxbacken,182,Null,9.848484848,15,352,52,2019-12-01T12:00:00Z,Oxba,Oxbacksskolan F-4,Kommunal,F-4,Bellevugatan 6-8 <BR> 151 73 Södertälje<BR>,https://www.sodertalje.se/Oxbacksskolan,17.62410663664879,59.19567503874605
112,550,grundskola,16,Pershagen,132,13.58,1.82,15,550,15,2019-12-01T12:00:00Z,Pers,Pershagenskolan,Kommunal,F-9,Bränningestrandsvägen 4 <BR> 151 39 Södertälje<BR>,https://www.pershagenskolan.se/,17.652221471021317,59.15264290899835
42,694,gymnasium,17.58,Rektorsvägen,183,4.034000864,2.5,15,694,26,2019-12-01T12:00:00Z,Rekt,Null,Null,Null,Null,Null,Null,Null
136,760,grundskola,25,Ronna,285,11.93,4.26,15,1018,65,2019-12-01T12:00:00Z,Ronn,Ronnaskolan,Kommunal,F-9,Robert Anbergsväg 1-3 <BR> 151 51 Södertälje<BR>,https://www.sodertalje.se/Ronnaskolan,17.597530945250995,59.20505199753246
240,535,grundskola,34.92,Rosenborg,280,29.92891882,1.78,15,1498,40,2019-12-01T12:00:00Z,Rose,Rosenborgsenheten,Kommunal,"F-9, Sär",Erik Dahlbergs väg 9 <BR> 152 40 Södertälje<BR>,https://www.sodertalje.se/Rosenborgsenheten,17.638892847871517,59.19723429606154
70,619,grundskola,27.56,Soldala,256,7.54,3.88,15,619,36,2019-12-01T12:00:00Z,Sold,Soldalaskolan,Kommunal,F-9,Lundbygatan 5 <BR> 151 46 Södertälje<BR>,https://www.sodertalje.se/Soldalaskolan,17.604604905426367,59.18560822004892
104,364,grundskola,21.97,Stålhamra,120,19.04,2.75,15,364,15,2019-12-01T12:00:00Z,Stål,Stålhamraskolan,Kommunal,"F-6, Sär",Skogvaktarvägen 30 <BR> 151 47 Södertälje<BR>,https://www.sodertalje.se/Stalhamraskolan,17.622655865273163,59.177844961210525
32,429,grundskola,32.63,Tavesta,210,4.97,6.37,15,429,41,2019-12-01T12:00:00Z,Tave,Tavestaskolan,Kommunal,F-5,Rönnvägen 7 <BR> 153 36 Järna<BR>,https://www.sodertalje.se/tavestaskolan,17.5607384046489,59.096316380331835
54,320,grundskola,26.66,Valla,128,11.25,12.6,15,386,73,2019-12-01T12:00:00Z,Vall,Vallaskolan,Kommunal,F-6,Sandviksvägen 60 <BR> 151 50 Enhörna<BR>,https://www.sodertalje.se/Vallaskolan,17.48145953130543,59.25503028224599
80,650,grundskola,25.64,Wasa,250,8.2,10.25,15,650,100,2019-12-01T12:00:00Z,Wasa,Wasaskolan,Kommunal,F-9,Prosten Linders väg 2 <BR> 151 61 Södertälje<BR>,https://www.sodertalje.se/Wasaskolan,17.58046263369102,59.19335665834746
76,501,gymnasium,16.27,Västergård,114,10.85,3.59,14,1551,78,2019-12-01T12:00:00Z,Väst,Null,Null,Null,Null,Null,Null,Null
115,237,grundskola,32.14,Viksberg,114,32.41719521,11.55743481,15,237,41,2019-12-01T12:00:00Z,Viks,Viksbergskolan,Kommunal,F-6,Hoxeltorpsvägen 2B <BR> 152 95 Södertälje<BR>,https://www.sodertalje.se/viksbergskolan,17.62991773924535,59.23796516148902
,210,övrigt ,Null,Stadshuset,,Null,60,15,210,189,2019-12-01T12:00:00Z,Stad,Null,Null,Null,Null,Null,Null,Null
210,685,grundskola,17.77,Blombacka,207,18.03,2.05,17,1148,40,2020-01-01T12:00:00Z,Blom,Blombackaskolan,Kommunal,F-9,Källgatan 8 <BR> 151 60 Södertälje<BR>,https://www.sodertalje.se/Blombackaskolan,17.610175386429578,59.193009209745874
220,380,grundskola,29.76,Braxen,192,34.1,5.43,17,380,35,2020-01-01T12:00:00Z,Brax,Null,Null,Null,Null,Null,Null,Null
577,873,grundskola,31.18,Brunnsäng,463,38.86,17.38,17,873,258,2020-01-01T12:00:00Z,Brun,Brunnsängskolan,Kommunal,F-9,Häradsvägen 8 <BR> 152 48 Södertälje<BR>,https://www.sodertalje.se/Brunnsangskolan,17.63710477830217,59.21250350241082
102,565,grundskola,18.67,Ene,190,10.02,4.62,18,565,47,2020-01-01T12:00:00Z,Ene,Eneskolan,Kommunal,F-9,Mölnbovägen 25 <BR> 153 32 Järna<BR>,https://www.sodertalje.se/eneskolan,17.55750283469028,59.08379372434768
"115,6",339,grundskola,14.27,Fornbacka,"82,2",20.07,14.01,17,339,"80,7",2020-01-01T12:00:00Z,Forn,Fornbackaskolan,Kommunal,"F-6, Sär",Fornhöjdsvägen 4 <BR> 152 58 Södertälje<BR>,https://www.sodertalje.se/Fornbackaskolan,17.6645602041309,59.19295953577887
51,582,grundskola,41.75,Hovsjö,413,5.16,2.43,17,582,24,2020-01-01T12:00:00Z,Hovs,Hovsjöskolan,Kommunal,F-9,Penselvägen 1 <BR> 151 65 Södertälje,https://www.sodertalje.se/Hovsjoskolan,17.598898753777032,59.17571289589243
79,473,grundskola,6.93,Hölö,59,9.28,6.11,18,473,52,2020-01-01T12:00:00Z,Hölö,Hölöskolan,Kommunal,F-9,Eriksbergsvägen 9 <BR> 153 71 Hölö<BR>,https://www.sodertalje.se/Holoskolan,17.54494648967159,59.023013557675405
255,740,grundskola,26.72,Igelstaviken,356,19.14,1.18,18,740,"15,7",2020-01-01T12:00:00Z,Igel,Igelsta grundskola,Kommunal,F-9,Korpuddsvägen 9-11 <BR>152 57 Södertälje <BR>,https://www.sodertalje.se/Igelstagrundskola,17.660093767283833,59.18326977968149
60,393,grundskola,26.96,Lina,180,8.99,5.99,17,393,40,2020-01-01T12:00:00Z,Lina,Lina grundskola,Kommunal,F-9,Vatt Annas väg 5-7 <BR> 151 55 Södertälje<BR>,https://www.sodertalje.se/Linagrundskola,17.588236735281328,59.2107546239738
90,215,grundskola,21.12,Majtorp,77,24.68,2.47,17,215,9,2020-01-01T12:00:00Z,Majt,Rosenborgsenheten (Majtorpskolan),Kommunal,F-3,Klätterstigen 4 <BR> 152 70 Södertälje<BR>,https://www.sodertalje.se/Rosenborgsenheten,17.651494782318082,59.193271925020795
75,287,gymnasium,37.9,Moraberg,185,15.37,6.15,17,287,30,2020-01-01T12:00:00Z,Mora,Mora Park Hölö,Fristående,Hos oss går barnen från förskoleålder (3 år) upp till årskurs 9. Waldorf- och läkepedagogik vävs samman i undervisningen.,Kristoffergården <BR>153 92 Hölö,http://www.morapark.se/sarskola-forskola,17.598694418220525,59.00505296735322
75,287,gymnasium,37.9,Moraberg,185,15.37,6.15,17,287,30,2020-01-01T12:00:00Z,Mora,Mora Park Järna,Fristående,Hos oss går barnen från förskoleålder (3 år) upp till årskurs 9. Waldorf- och läkepedagogik vävs samman i undervisningen.,Mora 8 <BR>153 95 Järna,http://www.morapark.se/sarskola-forskola,17.546649554275444,59.08395671580015
,156,grundskola,Null,Mölnbo,,Null,Null,,242,,2020-01-01T12:00:00Z,Möln,Mölnboskolan,Kommunal,F-6,Skolvägen 13 <BR> 153 60 Mölnbo<BR>,https://www.sodertalje.se/Molnboskolan,17.4240737784609,59.0526617272965
,352,grundskola,Null,Oxbacken,,Null,Null,,352,,2020-01-01T12:00:00Z,Oxba,Oxbacksskolan 5-9,Kommunal,5-9,Mariekällgatan 3 <BR> 151 44 Södertälje<BR>,https://www.sodertalje.se/Oxbacksskolan,17.625645909275317,59.18884545332261
,352,grundskola,Null,Oxbacken,,Null,Null,,352,,2020-01-01T12:00:00Z,Oxba,Oxbacksskolan F-4,Kommunal,F-4,Bellevugatan 6-8 <BR> 151 73 Södertälje<BR>,https://www.sodertalje.se/Oxbacksskolan,17.62410663664879,59.19567503874605
190,550,grundskola,16.36,Pershagen,153,20.32,2.14,17,550,20,2020-01-01T12:00:00Z,Pers,Pershagenskolan,Kommunal,F-9,Bränningestrandsvägen 4 <BR> 151 39 Södertälje<BR>,https://www.pershagenskolan.se/,17.652221471021317,59.15264290899835
151,694,gymnasium,20.09,Rektorsvägen,237,12.8,3.73,17,694,44,2020-01-01T12:00:00Z,Rekt,Null,Null,Null,Null,Null,Null,Null
154,671,grundskola,23.32,Ronna,266,13.5,4.57,17,1018,79,2020-01-01T12:00:00Z,Ronn,Ronnaskolan,Kommunal,F-9,Robert Anbergsväg 1-3 <BR> 151 51 Södertälje<BR>,https://www.sodertalje.se/Ronnaskolan,17.597530945250995,59.20505199753246
151,574,grundskola,23.77,Rosenborg,232,15.47,Null,17,1498,,2020-01-01T12:00:00Z,Rose,Rosenborgsenheten,Kommunal,"F-9, Sär",Erik Dahlbergs väg 9 <BR> 152 40 Södertälje<BR>,https://www.sodertalje.se/Rosenborgsenheten,17.638892847871517,59.19723429606154
97,619,grundskola,25.65,Soldala,270,9.21,2.18,17,619,23,2020-01-01T12:00:00Z,Sold,Soldalaskolan,Kommunal,F-9,Lundbygatan 5 <BR> 151 46 Södertälje<BR>,https://www.sodertalje.se/Soldalaskolan,17.604604905426367,59.18560822004892
120,396,grundskola,20.76,Stålhamra,148,16.84,2.44,18,364,16,2020-01-01T12:00:00Z,Stål,Stålhamraskolan,Kommunal,"F-6, Sär",Skogvaktarvägen 30 <BR> 151 47 Södertälje<BR>,https://www.sodertalje.se/Stalhamraskolan,17.622655865273163,59.177844961210525
113,429,grundskola,18.52,Tavesta,143,14.63,8.16,18,429,63,2020-01-01T12:00:00Z,Tave,Tavestaskolan,Kommunal,F-5,Rönnvägen 7 <BR> 153 36 Järna<BR>,https://www.sodertalje.se/tavestaskolan,17.5607384046489,59.096316380331835
75,320,grundskola,21.17,Valla,122,13.02,10.79,18,386,75,2020-01-01T12:00:00Z,Vall,Vallaskolan,Kommunal,F-6,Sandviksvägen 60 <BR> 151 50 Enhörna<BR>,https://www.sodertalje.se/Vallaskolan,17.48145953130543,59.25503028224599
95,650,grundskola,22.22,Wasa,260,8.12,7.15,18,660,85,2020-01-01T12:00:00Z,Wasa,Wasaskolan,Kommunal,F-9,Prosten Linders väg 2 <BR> 151 61 Södertälje<BR>,https://www.sodertalje.se/Wasaskolan,17.58046263369102,59.19335665834746
74,501,gymnasium,19.39,Västergård,165,8.7,2.96,17,1551,78,2020-01-01T12:00:00Z,Väst,Null,Null,Null,Null,Null,Null,Null
76,237,grundskola,24.38,Viksberg,98,18.9,24.38,17,237,98,2020-01-01T12:00:00Z,Viks,Viksbergskolan,Kommunal,F-6,Hoxeltorpsvägen 2B <BR> 152 95 Södertälje<BR>,https://www.sodertalje.se/viksbergskolan,17.62991773924535,59.23796516148902
,,övrigt ,Null,Stadshuset,,Null,50.38,19,210,201,2020-01-01T12:00:00Z,Stad,Null,Null,Null,Null,Null,Null,Null
